Domain,Status,Attractiveness,Demand,Length,Sectors,Created,Expires,Registrar
complete.kitchen,available,120,21%,8,"Manufacturing,Retail,Technology",,,
wizard.kitchen,resell,118,42%,6,"Entertainment,Media,Technology",30/12/2024 10:00,30/12/2025 10:00,"Sav.com, LLC"
flat.kitchen,available,116,23%,4,"Construction,Real Estate",,,
equal.kitchen,available,116,19%,5,"Education,General,Law",,,
tenth.kitchen,available,116,7%,5,Mathematics,,,
tonic.kitchen,available,114,22%,5,"Health and Fitness,Medicine,Science",,,
zero.kitchen,available,112,49%,4,Mathematics,,,
acute.kitchen,available,112,9%,5,"Mathematics,Medicine,Science",,,
hotshot.kitchen,available,112,14%,7,"Business,Entertainment,Sports",,,
above.kitchen,available,112,22%,5,Business,,,
abstract.kitchen,available,108,29%,8,"Arts,Humanities,Science",,,
abiding.kitchen,available,106,5%,7,"General,Religion",,,
teen.kitchen,available,104,14%,4,"Education,Entertainment,Healthcare",,,
active.kitchen,available,104,27%,6,"Health and Fitness,Sports,Travel",,,
expert.kitchen,available,104,26%,6,"Business,Education,Technology",,,
absent.kitchen,available,102,8%,6,"Business,Education,Technology",,,
captive.kitchen,available,102,14%,7,"Entertainment,Hospitality,Technology",,,
abrupt.kitchen,available,100,3%,6,"Medicine,Science",,,
whiz.kitchen,available,100,12%,4,"Business,Education,Technology",,,
ninth.kitchen,available,100,9%,5,Mathematics,,,
eighth.kitchen,available,100,6%,6,Mathematics,,,
sixth.kitchen,available,100,8%,5,Mathematics,,,
remove.kitchen,available,100,13%,6,"Construction,Manufacturing,Technology",,,
adjunct.kitchen,available,100,5%,7,Education,,,
third.kitchen,available,100,15%,5,Mathematics,,,
whizz.kitchen,available,98,11%,5,"Business,Education,Technology",,,
forgiving.kitchen,available,96,3%,9,"Healthcare,Religion",,,
actual.kitchen,available,96,22%,6,"Real Estate,Retail,Technology",,,
doable.kitchen,available,96,9%,6,"Business,Education,Technology",,,
about.kitchen,available,94,28%,5,"Business,General,Media,Technology",,,
adequate.kitchen,available,94,9%,8,"Education,Healthcare,Technology",,,
around.kitchen,available,94,22%,6,"Business,General,Media,Technology",,,
virtuoso.kitchen,available,94,16%,8,"Arts,Entertainment",,,
abject.kitchen,available,94,7%,6,Humanities,,,
nought.kitchen,available,92,4%,6,Mathematics,,,
adjective.kitchen,available,92,5%,9,Education,,,
derelict.kitchen,available,92,7%,8,"Construction,Real Estate",,,
adept.kitchen,available,92,24%,5,"Education,Health and Fitness,Sports",,,
twentieth.kitchen,available,92,3%,9,Mathematics,,,
neutral.kitchen,available,92,20%,7,"Business,Media,Politics",,,
exemplary.kitchen,available,92,5%,9,"Business,Education,Healthcare",,,
riveting.kitchen,available,90,6%,8,"Entertainment,Media,Technology",,,
abortive.kitchen,available,90,1%,8,"Medicine,Science",,,
adoring.kitchen,available,90,2%,7,"Entertainment,Fashion,Retail",,,
leash.kitchen,available,90,7%,5,"General,Health and Fitness,Retail",,,
endearing.kitchen,available,90,1%,9,"Entertainment,Fashion,Retail",,,
clear.kitchen,available,90,47%,5,"Manufacturing,Retail,Technology",,,
gripping.kitchen,available,90,3%,8,"Entertainment,Media,Technology",,,
additional.kitchen,available,90,8%,10,"Fashion,Retail,Technology",,,
addictive.kitchen,available,90,9%,9,Healthcare,,,
wide.kitchen,available,88,18%,4,"Business,Media,Technology",,,
activist.kitchen,available,88,12%,8,"Humanities,Politics",,,
fifteen.kitchen,available,88,13%,7,Mathematics,,,
ten.kitchen,available,88,27%,3,"General,Mathematics",,,
sixteen.kitchen,available,88,10%,7,Mathematics,,,
ace.kitchen,available,88,34%,3,Sports,,,
adlib.kitchen,available,88,7%,6,Entertainment,,,
hundred.kitchen,available,88,13%,7,Mathematics,,,
twelve.kitchen,available,88,18%,6,"General,Mathematics",,,
actionable.kitchen,available,88,13%,10,"Business,Law",,,
proficient.kitchen,available,88,8%,10,"Education,Health and Fitness,Sports",,,
three.kitchen,available,88,23%,5,Mathematics,,,
recondite.kitchen,available,86,4%,9,"Arts,Humanities,Science",,,
xix.kitchen,available,86,10%,3,Mathematics,,,
intent.kitchen,available,86,25%,6,"Business,Education,Technology",,,
xiv.kitchen,available,86,12%,3,Mathematics,,,
adolescent.kitchen,available,86,3%,10,"Education,Entertainment,Healthcare",,,
star.kitchen,resell,86,40%,4,"Entertainment,Media,Sports",19/02/2014 16:00,19/02/2026 16:00,united-domains GmbH
cipher.kitchen,available,86,29%,6,Mathematics,,,
extempore.kitchen,available,86,3%,9,Entertainment,,,
engrossing.kitchen,available,86,0%,10,"Entertainment,Media,Technology",,,
attendant.kitchen,available,86,5%,9,"Healthcare,Hospitality,Transportation",,,
aboriginal.kitchen,available,86,10%,10,Humanities,,,
adjustable.kitchen,available,84,3%,10,"Manufacturing,Retail,Technology",,,
deviate.kitchen,available,84,12%,7,"Medicine,Science",,,
grand.kitchen,expired,84,25%,5,"Finance,General",29/06/2024 15:15,29/06/2025 15:15,"Sav.com, LLC - 41"
twentyone.kitchen,available,84,13%,10,Mathematics,,,
accessory.kitchen,available,84,8%,9,"Fashion,Retail,Technology",,,
fourteen.kitchen,available,84,8%,8,Mathematics,,,
seventeen.kitchen,available,84,7%,9,Mathematics,,,
thirteen.kitchen,available,84,10%,8,Mathematics,,,
thousand.kitchen,available,84,8%,8,Mathematics,,,
nineteen.kitchen,available,84,8%,8,Mathematics,,,
twentytwo.kitchen,available,84,10%,10,Mathematics,,,
acting.kitchen,available,84,12%,6,Entertainment,,,
altered.kitchen,available,82,9%,7,"Medicine,Science",,,
impromptu.kitchen,available,82,16%,9,Entertainment,,,
decade.kitchen,available,82,10%,6,Mathematics,,,
dozen.kitchen,available,82,10%,5,Mathematics,,,
abroach.kitchen,available,82,1%,7,Food and Beverage,,,
absorbent.kitchen,available,82,3%,9,"Healthcare,Manufacturing,Retail",,,
good.kitchen,available,82,47%,4,"Food and Beverage,General,Health and Fitness,Retail",,,
enduring.kitchen,available,82,9%,8,"Health and Fitness,Religion",,,
abenaki.kitchen,available,82,2%,7,Geography,,,
cleansing.kitchen,available,82,3%,9,Health and Fitness,,,
abdominal.kitchen,available,82,1%,9,"Health and Fitness,Medicine",,,
abkhaz.kitchen,available,82,1%,6,Geography,,,
fivesome.kitchen,available,82,1%,8,Sports,,,
two.kitchen,available,80,23%,3,Mathematics,,,
able.kitchen,available,80,29%,4,"Business,Education,General,Technology",,,
some.kitchen,available,80,32%,4,"Business,Media,Retail",,,
superstar.kitchen,available,80,18%,9,Entertainment,,,
yard.kitchen,available,80,25%,4,"Construction,General",,,
seventh.kitchen,available,80,10%,7,Mathematics,,,
abundant.kitchen,available,80,19%,8,"Agriculture,Manufacturing,Retail",,,
forty.kitchen,available,80,9%,5,Mathematics,,,
adoptable.kitchen,available,80,3%,9,"Education,Healthcare",,,
twenty.kitchen,available,80,12%,6,Mathematics,,,
trio.kitchen,available,80,21%,4,Entertainment,,,
worshipful.kitchen,available,80,1%,10,"Education,Healthcare,Religion",,,
absolute.kitchen,available,80,25%,8,"Engineering,Mathematics,Science",,,
dorsal.kitchen,available,80,6%,6,"Medicine,Science",,,
capable.kitchen,available,80,12%,7,"Business,Education,Technology",,,
sequent.kitchen,available,80,7%,7,"Healthcare,Insurance,Transportation",,,
absurd.kitchen,available,80,16%,6,"Arts,Entertainment,Media",,,
wiz.kitchen,available,80,30%,3,"Business,Education,Technology",,,
nine.kitchen,available,80,24%,4,"General,Mathematics",,,
absorbable.kitchen,available,80,0%,10,"Healthcare,Pharmaceuticals,Science",,,
low.kitchen,available,78,20%,3,"Business,Finance",,,
athletic.kitchen,available,78,15%,8,"Health and Fitness,Sports",,,
recognised.kitchen,available,78,3%,10,"Business,Education,Technology",,,
acceptant.kitchen,available,78,1%,9,"Education,Healthcare",,,
dormant.kitchen,available,78,4%,7,"Medicine,Science",,,
sixtynine.kitchen,available,78,8%,10,Mathematics,,,
abkhasian.kitchen,available,78,1%,9,Geography,,,
abkhazian.kitchen,available,78,1%,9,Geography,,,
twentysix.kitchen,available,78,8%,10,Mathematics,,,
accurate.kitchen,available,78,16%,8,"Engineering,Mathematics,Science",,,
recognized.kitchen,available,78,3%,10,"Business,Education,Technology",,,
accessible.kitchen,available,78,21%,10,"Healthcare,Retail,Technology",,,
adjacent.kitchen,available,78,9%,8,"Construction,Real Estate,Retail",,,
abounding.kitchen,available,78,2%,9,Agriculture,,,
acceptable.kitchen,available,78,5%,10,"Business,Hospitality,Retail",,,
accepted.kitchen,available,78,6%,8,"Business,Education,Technology",,,
accidental.kitchen,available,78,11%,10,"Healthcare,Insurance,Transportation",,,
adrenal.kitchen,available,78,4%,7,"Education,Healthcare,Science",,,
honestly.kitchen,available,78,9%,8,"Business,Law",,,
absorptive.kitchen,available,78,1%,10,"Healthcare,Manufacturing,Retail",,,
adorable.kitchen,available,78,8%,8,"Entertainment,Fashion,Retail",,,
hundredth.kitchen,available,76,1%,9,Mathematics,,,
auxiliary.kitchen,available,76,7%,9,"Healthcare,Manufacturing,Technology",,,
energizing.kitchen,available,76,3%,10,"Food and Beverage,Health and Fitness,Travel",,,
firstrate.kitchen,available,76,6%,10,Business,,,
adipose.kitchen,available,76,2%,7,"Healthcare,Science",,,
adhesive.kitchen,available,76,7%,8,"Construction,Manufacturing,Technology",,,
improvise.kitchen,available,76,4%,9,Entertainment,,,
nineteenth.kitchen,available,76,3%,10,Mathematics,,,
addable.kitchen,available,76,2%,7,"Engineering,Mathematics,Science",,,
fourteenth.kitchen,available,76,2%,10,Mathematics,,,
adaptable.kitchen,available,76,9%,9,"Business,Education,Technology",,,
acoustic.kitchen,available,76,14%,8,Science,,,
fifteenth.kitchen,available,76,2%,9,Mathematics,,,
incidental.kitchen,available,76,4%,10,"Healthcare,Insurance,Transportation",,,
eighteen.kitchen,available,76,7%,8,Mathematics,,,
obscene.kitchen,available,76,5%,7,"Entertainment,Media",,,
thirteenth.kitchen,available,76,3%,10,Mathematics,,,
abrasive.kitchen,available,76,6%,8,"Construction,Manufacturing",,,
ague.kitchen,available,76,2%,4,"Geography,Medicine,Science",,,
resultant.kitchen,available,76,2%,9,"Healthcare,Insurance,Transportation",,,
thousandth.kitchen,available,76,1%,10,Mathematics,,,
threed.kitchen,available,76,7%,7,Technology,,,
ancillary.kitchen,available,76,6%,9,"Healthcare,Manufacturing,Technology",,,
adherent.kitchen,available,76,4%,8,"Politics,Religion",,,
ventral.kitchen,available,76,3%,7,Science,,,
adenoid.kitchen,available,74,1%,7,"Health and Fitness,Medicine,Science",,,
broad.kitchen,available,74,13%,5,"Entertainment,General,Media",,,
cleared.kitchen,available,74,7%,7,"Healthcare,Law,Transportation",,,
adamant.kitchen,available,74,14%,7,Religion,,,
manageable.kitchen,available,74,4%,10,"Business,Education,Technology",,,
abnormal.kitchen,available,74,16%,8,"Medicine,Science",,,
acuate.kitchen,available,74,2%,6,"Engineering,Medicine,Science",,,
realizable.kitchen,available,74,1%,10,"Business,Education,Technology",,,
achievable.kitchen,available,74,4%,10,"Business,Education,Technology",,,
playing.kitchen,available,74,12%,7,Entertainment,,,
single.kitchen,available,74,19%,6,Sports,,,
accepting.kitchen,available,74,3%,9,"Education,Healthcare",,,
admirable.kitchen,available,74,5%,9,"Business,Education,Healthcare",,,
supra.kitchen,available,74,25%,5,"Medicine,Science",,,
mavin.kitchen,available,74,7%,5,"Entertainment,Fashion,Technology",,,
adrenergic.kitchen,available,74,1%,10,"Education,Healthcare,Science",,,
aberrant.kitchen,available,74,6%,8,"Medicine,Science",,,
skilful.kitchen,available,74,3%,7,"Education,Health and Fitness,Sports",,,
activated.kitchen,available,74,9%,9,"Healthcare,Manufacturing,Technology",,,
sensation.kitchen,available,74,7%,9,"Entertainment,Media,Sports",,,
deep.kitchen,available,72,41%,4,"Engineering,Mathematics,Science",,,
ternary.kitchen,available,72,7%,7,Mathematics,,,
liv.kitchen,available,72,28%,3,Mathematics,,,
existent.kitchen,available,72,3%,8,"Mathematics,Science",,,
engrossed.kitchen,available,72,1%,9,"Entertainment,Media,Technology",,,
adiabatic.kitchen,available,72,3%,9,"Engineering,Science",,,
abreast.kitchen,available,72,2%,7,"Business,Technology",,,
absolutist.kitchen,available,72,1%,10,"Humanities,Law,Politics",,,
adjunctive.kitchen,available,72,1%,10,"Healthcare,Manufacturing,Technology",,,
adaptative.kitchen,available,72,1%,10,"Business,Education,Technology",,,
absorbed.kitchen,available,72,2%,8,"Entertainment,Media,Technology",,,
improvize.kitchen,available,72,1%,9,Entertainment,,,
accusative.kitchen,available,72,0%,10,"Humanities,Law",,,
adjectival.kitchen,available,72,1%,10,Education,,,
sixtieth.kitchen,available,72,1%,8,Mathematics,,,
addicted.kitchen,available,72,9%,8,Healthcare,,,
aching.kitchen,available,72,4%,6,Healthcare,,,
seventieth.kitchen,available,72,1%,10,Mathematics,,,
eightieth.kitchen,available,72,1%,9,Mathematics,,,
trey.kitchen,available,72,13%,4,Sports,,,
abloom.kitchen,available,72,5%,6,Agriculture,,,
ablaze.kitchen,available,72,6%,6,Entertainment,,,
accustomed.kitchen,available,72,1%,10,"Business,Education,Humanities",,,
adonic.kitchen,available,72,2%,6,"Arts,Education,Entertainment",,,
trinity.kitchen,available,72,18%,7,Religion,,,
ninetieth.kitchen,available,72,1%,9,Mathematics,,,
adamantine.kitchen,available,70,4%,10,Religion,,,
adored.kitchen,available,70,6%,6,"Entertainment,Fashion,Retail",,,
unity.kitchen,available,70,38%,5,Mathematics,,,
miserable.kitchen,available,70,4%,9,Humanities,,,
adjusted.kitchen,available,70,5%,8,"Manufacturing,Retail,Technology",,,
acuminate.kitchen,available,70,1%,9,"Engineering,Medicine,Science",,,
lowdown.kitchen,available,70,6%,8,"Entertainment,Media",,,
admired.kitchen,available,70,5%,7,"Business,Education,Healthcare",,,
offhand.kitchen,available,70,2%,7,Entertainment,,,
consequent.kitchen,available,70,3%,10,"Business,Education,General,Technology",,,
abulic.kitchen,available,70,1%,6,Medicine,,,
recumbent.kitchen,available,70,2%,9,"Healthcare,Medicine,Science",,,
abradant.kitchen,available,70,1%,8,"Construction,Manufacturing",,,
absorbing.kitchen,available,70,3%,9,"Entertainment,Media,Technology",,,
skillful.kitchen,available,70,9%,8,"Education,Health and Fitness,Sports",,,
accumbent.kitchen,available,70,1%,9,"Healthcare,Medicine,Science",,,
gymnastic.kitchen,available,70,3%,9,"Entertainment,Sports",,,
practiced.kitchen,available,70,3%,9,"Education,Health and Fitness,Sports",,,
tiptop.kitchen,available,70,24%,6,Fashion,,,
stillborn.kitchen,available,70,2%,9,"Medicine,Science",,,
fiftieth.kitchen,available,68,1%,8,Mathematics,,,
decorated.kitchen,available,68,3%,9,"Entertainment,Fashion,Retail",,,
accredited.kitchen,available,68,9%,10,"Business,Education,Healthcare",,,
abducent.kitchen,available,68,0%,8,Medicine,,,
sevener.kitchen,available,68,1%,7,Mathematics,,,
septenary.kitchen,available,68,2%,9,Mathematics,,,
abnaki.kitchen,available,68,1%,6,Geography,,,
achaean.kitchen,available,68,2%,7,Humanities,,,
ablative.kitchen,available,68,3%,8,Science,,,
thirtieth.kitchen,available,68,1%,9,Mathematics,,,
scurvy.kitchen,available,68,3%,6,Humanities,,,
licensed.kitchen,available,68,5%,8,"Business,Healthcare,Insurance",,,
foursome.kitchen,available,68,4%,8,Sports,,,
aroused.kitchen,available,68,3%,7,"Entertainment,Health and Fitness",,,
threesome.kitchen,available,68,5%,9,Entertainment,,,
fortieth.kitchen,available,68,1%,8,Mathematics,,,
acerate.kitchen,available,68,1%,7,Science,,,
overseas.kitchen,available,68,12%,8,"Hospitality,Travel",,,
licenced.kitchen,available,68,2%,8,"Business,Healthcare,Insurance",,,
abkhas.kitchen,available,68,0%,6,Geography,,,
ane.kitchen,available,68,12%,3,Mathematics,,,
activating.kitchen,available,68,3%,10,"Healthcare,Manufacturing,Technology",,,
aberdonian.kitchen,available,68,1%,10,Geography,,,
vindicated.kitchen,available,68,2%,10,"Humanities,Law,Politics",,,
stygian.kitchen,available,68,5%,7,Humanities,,,
octonary.kitchen,available,68,1%,8,Mathematics,,,
aculeate.kitchen,available,68,1%,8,"Engineering,Medicine,Science",,,
ennead.kitchen,available,68,5%,6,Mathematics,,,
achaian.kitchen,available,68,2%,7,Humanities,,,
disciple.kitchen,available,68,14%,8,"Education,Religion",,,
adorned.kitchen,available,66,5%,7,"Entertainment,Fashion,Retail",,,
modish.kitchen,available,66,5%,6,Fashion,,,
xvii.kitchen,available,66,5%,4,Mathematics,,,
maven.kitchen,resell,66,30%,5,"Entertainment,Fashion,Technology",04/04/2024 19:06,04/04/2026 19:06,"GoDaddy.com, LLC"
clv.kitchen,available,66,10%,3,Mathematics,,,
xxii.kitchen,available,66,6%,4,Mathematics,,,
latest.kitchen,available,66,18%,6,Technology,,,
accessary.kitchen,available,66,1%,9,"Business,Law,Technology",,,
performing.kitchen,available,66,6%,10,Entertainment,,,
onec.kitchen,available,66,6%,5,Mathematics,,,
exonerated.kitchen,available,66,2%,10,"Humanities,Law,Politics",,,
thirty.kitchen,available,66,7%,6,Mathematics,,,
xii.kitchen,available,66,10%,3,Mathematics,,,
xxv.kitchen,available,66,6%,3,Mathematics,,,
xviii.kitchen,available,66,4%,5,Mathematics,,,
eighty.kitchen,available,66,6%,6,Mathematics,,,
buzzing.kitchen,available,66,7%,7,"Entertainment,Media,Technology",,,
according.kitchen,available,66,3%,9,"Business,Education,Technology",,,
abstinent.kitchen,available,66,1%,9,"Health and Fitness,Religion",,,
xvi.kitchen,available,66,4%,3,Mathematics,,,
xiii.kitchen,available,66,9%,4,Mathematics,,,
six.kitchen,available,66,26%,3,Mathematics,,,
acrobatic.kitchen,available,66,4%,9,"Entertainment,Sports",,,
adopted.kitchen,available,66,4%,7,"Education,Healthcare",,,
ninety.kitchen,available,66,11%,6,Mathematics,,,
acervate.kitchen,available,66,1%,8,Science,,,
teenager.kitchen,available,66,4%,8,"Education,Entertainment,Healthcare",,,
sextet.kitchen,available,66,2%,6,Entertainment,,,
fifty.kitchen,available,66,13%,5,Mathematics,,,
tenner.kitchen,available,66,4%,6,Finance,,,
xxvi.kitchen,available,66,3%,4,Mathematics,,,
deuce.kitchen,available,66,8%,5,Sports,,,
acappella.kitchen,available,66,6%,10,Entertainment,,,
xxi.kitchen,available,66,10%,3,Mathematics,,,
acentric.kitchen,available,64,2%,8,Science,,,
absolved.kitchen,available,64,1%,8,"Humanities,Law,Religion",,,
aflame.kitchen,available,64,3%,6,Entertainment,,,
accordant.kitchen,available,64,3%,9,"Arts,Entertainment",,,
deviant.kitchen,available,64,12%,7,"Medicine,Science",,,
rising.kitchen,available,64,18%,6,"Construction,Manufacturing,Real Estate",,,
nondrinker.kitchen,available,64,1%,10,"Health and Fitness,Religion",,,
scatty.kitchen,available,64,1%,6,"Arts,Entertainment,Media",,,
ccc.kitchen,available,64,38%,3,Mathematics,,,
astringent.kitchen,available,64,1%,10,"Healthcare,Pharmaceuticals",,,
troika.kitchen,available,62,8%,6,Politics,,,
adoptive.kitchen,available,62,1%,8,"Education,Healthcare",,,
eleventh.kitchen,available,62,5%,8,Mathematics,,,
accrued.kitchen,available,62,2%,7,"Banking,Finance,Insurance",,,
adjuvant.kitchen,available,62,5%,8,"Healthcare,Manufacturing,Technology",,,
accusing.kitchen,available,62,1%,8,Law,,,
aufait.kitchen,available,62,3%,7,"Fashion,Media",,,
nail.kitchen,available,62,16%,4,"Construction,Fashion,General,Retail",,,
playacting.kitchen,available,62,1%,10,Entertainment,,,
aborigine.kitchen,available,62,1%,9,Humanities,,,
quartet.kitchen,available,62,7%,7,"Arts,Entertainment",,,
cumulative.kitchen,available,62,2%,10,"Banking,Finance,Insurance",,,
orso.kitchen,available,62,9%,5,"Business,Media,Technology",,,
sixteenth.kitchen,available,62,1%,9,Mathematics,,,
activistic.kitchen,available,62,1%,10,"Humanities,Politics",,,
ensuant.kitchen,available,62,1%,7,"Healthcare,Insurance,Transportation",,,
wrapped.kitchen,available,62,13%,7,"Fashion,Hospitality,Retail",,,
eighteenth.kitchen,available,62,1%,10,Mathematics,,,
fortyfour.kitchen,available,62,6%,10,Mathematics,,,
longdozen.kitchen,available,62,1%,10,Mathematics,,,
chiliad.kitchen,available,62,2%,7,Mathematics,,,
exculpated.kitchen,available,62,1%,10,"Humanities,Law,Politics",,,
abo.kitchen,available,62,15%,3,Science,,,
roughly.kitchen,available,62,3%,7,"Business,Media,Technology",,,
pungent.kitchen,available,62,1%,7,Food and Beverage,,,
twodozen.kitchen,available,62,1%,9,Mathematics,,,
admissible.kitchen,available,62,1%,10,"Education,Healthcare,Law",,,
acidic.kitchen,available,62,5%,6,"Food and Beverage,Science",,,
activation.kitchen,available,62,16%,10,"Healthcare,Manufacturing,Technology",,,
cxx.kitchen,available,60,9%,3,Mathematics,,,
thou.kitchen,available,60,7%,4,Mathematics,,,
idolized.kitchen,available,60,3%,8,"Entertainment,Fashion,Retail",,,
abstemious.kitchen,available,60,0%,10,"Food and Beverage,Health and Fitness,Hospitality",,,
idolised.kitchen,available,60,1%,8,"Entertainment,Fashion,Retail",,,
cxxv.kitchen,available,60,1%,4,Mathematics,,,
cxlv.kitchen,available,60,2%,4,Mathematics,,,
octet.kitchen,available,60,12%,5,Arts,,,
xcl.kitchen,available,60,5%,3,Mathematics,,,
cxxx.kitchen,available,60,3%,4,Mathematics,,,
clxx.kitchen,available,60,2%,4,Mathematics,,,
clx.kitchen,available,60,8%,3,Mathematics,,,
cxxxv.kitchen,available,60,1%,5,Mathematics,,,
clxxv.kitchen,available,60,1%,5,Mathematics,,,
aboveboard.kitchen,available,60,5%,10,"Business,Law",,,
abashed.kitchen,available,60,1%,7,Humanities,,,
cxl.kitchen,available,60,7%,3,Mathematics,,,
clxv.kitchen,available,60,1%,4,Mathematics,,,
eightysix.kitchen,available,60,7%,10,Mathematics,,,
adnate.kitchen,available,60,1%,6,"Agriculture,Manufacturing,Retail",,,
tertiary.kitchen,available,60,4%,8,Education,,,
acceptive.kitchen,available,60,1%,9,"Education,Healthcare",,,
annexal.kitchen,available,60,1%,7,"Agriculture,Manufacturing,Retail",,,
abstainer.kitchen,available,60,0%,9,"Health and Fitness,Religion",,,
clxxx.kitchen,available,60,1%,5,Mathematics,,,
cautionary.kitchen,available,60,1%,10,"Business,Education,Healthcare",,,
adnexal.kitchen,available,60,1%,7,"Agriculture,Manufacturing,Retail",,,
paunchy.kitchen,available,60,0%,7,"Health and Fitness,Medicine",,,
cxv.kitchen,available,60,4%,3,Mathematics,,,
tercet.kitchen,available,59,2%,6,"Arts,Entertainment,Media",,,
addible.kitchen,available,58,2%,7,"Engineering,Mathematics,Science",,,
sixer.kitchen,available,58,5%,5,Sports,,,
pentad.kitchen,available,58,3%,6,Mathematics,,,
seventy.kitchen,available,58,7%,7,Mathematics,,,
cypher.kitchen,available,58,28%,6,Mathematics,,,
octad.kitchen,available,58,5%,5,Mathematics,,,
accoutred.kitchen,available,58,1%,9,"Fashion,Manufacturing,Retail",,,
seven.kitchen,available,58,35%,5,Mathematics,,,
fourth.kitchen,available,58,13%,6,Mathematics,,,
abused.kitchen,available,58,5%,6,"Healthcare,Law",,,
enwrapped.kitchen,available,58,0%,9,"Entertainment,Fashion,Media",,,
super.kitchen,resell,58,47%,5,Business,11/05/2019 15:30,11/05/2026 15:30,GoDaddy Online Services Cayman Islands Ltd.
abandoned.kitchen,available,58,10%,9,"Construction,Real Estate",,,
alacarte.kitchen,available,58,11%,10,Food and Beverage,,,
lxxviii.kitchen,available,58,1%,7,Mathematics,,,
ache.kitchen,available,58,7%,4,Healthcare,,,
hexad.kitchen,available,58,5%,5,Mathematics,,,
addressed.kitchen,available,58,3%,9,"Business,Technology,Telecommunications",,,
aucourant.kitchen,available,58,3%,10,"Fashion,Media",,,
centesimal.kitchen,available,58,1%,10,Mathematics,,,
accented.kitchen,available,58,3%,8,"Arts,Entertainment",,,
tetrad.kitchen,available,58,5%,6,Mathematics,,,
acetic.kitchen,available,58,1%,6,"Food and Beverage,Science",,,
abuzz.kitchen,available,58,5%,5,"Entertainment,Media,Technology",,,
accretive.kitchen,available,58,6%,9,"Banking,Finance,Insurance",,,
niner.kitchen,available,58,5%,5,Mathematics,,,
abridged.kitchen,available,58,4%,8,Media,,,
acyclic.kitchen,available,58,4%,7,"Engineering,Mathematics,Science",,,
adient.kitchen,available,58,4%,6,"Medicine,Science",,,
heptad.kitchen,available,58,2%,6,Mathematics,,,
actuarial.kitchen,available,58,8%,9,"Finance,Insurance,Mathematics",,,
fifth.kitchen,available,58,12%,5,Mathematics,,,
adhoc.kitchen,available,58,24%,6,"Business,Engineering,Technology",,,
quintet.kitchen,available,58,8%,7,"Arts,Entertainment",,,
sextuplet.kitchen,available,58,1%,9,Healthcare,,,
fourscore.kitchen,available,58,4%,9,Mathematics,,,
justabout.kitchen,available,58,3%,10,"Business,Media,Technology",,,
eighter.kitchen,available,58,2%,7,Mathematics,,,
twelfth.kitchen,available,58,2%,7,Mathematics,,,
closeto.kitchen,available,58,3%,8,"Business,Media,Technology",,,
sixtyone.kitchen,available,58,5%,9,Mathematics,,,
offhanded.kitchen,available,58,1%,9,Entertainment,,,
adjustive.kitchen,available,58,1%,9,"Manufacturing,Retail,Technology",,,
lxxx.kitchen,available,58,2%,4,Mathematics,,,
addled.kitchen,available,56,2%,6,Entertainment,,,
xxxviii.kitchen,available,56,1%,7,Mathematics,,,
maledict.kitchen,available,56,1%,8,Religion,,,
xxxii.kitchen,available,56,1%,5,Mathematics,,,
lviii.kitchen,available,56,1%,5,Mathematics,,,
xlvi.kitchen,available,56,3%,4,Mathematics,,,
xli.kitchen,available,56,5%,3,Mathematics,,,
fiftyfour.kitchen,available,56,4%,10,Mathematics,,,
xxiv.kitchen,available,56,5%,4,Mathematics,,,
fortyone.kitchen,available,56,5%,9,Mathematics,,,
accoutered.kitchen,available,56,0%,10,"Fashion,Manufacturing,Retail",,,
xxvii.kitchen,available,56,3%,5,Mathematics,,,
fiftynine.kitchen,available,56,4%,10,Mathematics,,,
thirtysix.kitchen,available,56,5%,10,Mathematics,,,
abdominous.kitchen,available,56,0%,10,"Health and Fitness,Medicine",,,
fiftytwo.kitchen,available,56,6%,9,Mathematics,,,
xlviii.kitchen,available,56,1%,6,Mathematics,,,
admissive.kitchen,available,56,1%,9,"Education,Healthcare,Hospitality",,,
ilx.kitchen,available,56,6%,3,Mathematics,,,
admittable.kitchen,available,56,1%,10,"Education,Healthcare,Hospitality",,,
fortynine.kitchen,available,56,3%,10,Mathematics,,,
thirtytwo.kitchen,available,56,4%,10,Mathematics,,,
aone.kitchen,available,56,15%,5,Food and Beverage,,,
lvi.kitchen,available,56,8%,3,Mathematics,,,
liii.kitchen,available,56,4%,4,Mathematics,,,
admittible.kitchen,available,56,1%,10,"Education,Healthcare,Hospitality",,,
lvii.kitchen,available,56,2%,4,Mathematics,,,
xliv.kitchen,available,56,3%,4,Mathematics,,,
thirtyone.kitchen,available,56,4%,10,Mathematics,,,
xxiii.kitchen,available,56,4%,5,Mathematics,,,
xxxvii.kitchen,available,56,2%,6,Mathematics,,,
potbellied.kitchen,available,56,0%,10,"Health and Fitness,Medicine",,,
halfdozen.kitchen,available,56,1%,10,Mathematics,,,
fiftyfive.kitchen,available,56,8%,10,Mathematics,,,
xlvii.kitchen,available,56,2%,5,Mathematics,,,
xlii.kitchen,available,56,5%,4,Mathematics,,,
xxxiii.kitchen,available,56,2%,6,Mathematics,,,
xxxiv.kitchen,available,56,1%,5,Mathematics,,,
xxxvi.kitchen,available,56,1%,5,Mathematics,,,
terzetto.kitchen,available,56,3%,8,Arts,,,
fiftysix.kitchen,available,56,4%,9,Mathematics,,,
xlv.kitchen,available,56,6%,3,Mathematics,,,
xxix.kitchen,available,56,4%,4,Mathematics,,,
abeyant.kitchen,available,56,1%,7,"Business,Law",,,
fortytwo.kitchen,available,56,17%,9,Mathematics,,,
xxxi.kitchen,available,56,8%,4,Mathematics,,,
xxviii.kitchen,available,56,1%,6,Mathematics,,,
xliii.kitchen,available,56,1%,5,Mathematics,,,
appressed.kitchen,available,56,0%,9,"Agriculture,Manufacturing,Retail",,,
xxxv.kitchen,available,56,4%,4,Mathematics,,,
fortysix.kitchen,available,56,4%,9,Mathematics,,,
lii.kitchen,available,56,7%,3,Mathematics,,,
quaternion.kitchen,available,54,6%,10,Mathematics,,,
topnotch.kitchen,available,54,18%,8,Business,,,
sise.kitchen,available,54,5%,4,Mathematics,,,
deserted.kitchen,available,54,3%,8,"Hospitality,Real Estate",,,
scratchy.kitchen,available,54,3%,8,Fashion,,,
adjuratory.kitchen,available,54,0%,10,"Law,Politics,Religion",,,
accursed.kitchen,available,54,3%,8,"Entertainment,Media,Religion",,,
quadruplet.kitchen,available,54,1%,10,"Healthcare,Medicine,Science",,,
achromatic.kitchen,available,54,4%,10,Science,,,
acoustical.kitchen,available,54,4%,10,Science,,,
unnatural.kitchen,available,54,4%,9,"Medicine,Science",,,
quatern.kitchen,available,54,2%,7,Mathematics,,,
quintuplet.kitchen,available,54,1%,10,"Healthcare,Medicine,Science",,,
abatable.kitchen,available,54,1%,8,Law,,,
adpressed.kitchen,available,54,0%,9,"Agriculture,Manufacturing,Retail",,,
abhorrent.kitchen,available,54,1%,9,Humanities,,,
iii.kitchen,available,54,24%,3,Mathematics,,,
ternion.kitchen,available,54,3%,7,Mathematics,,,
quaternity.kitchen,available,54,4%,10,Mathematics,,,
vii.kitchen,available,54,13%,3,Mathematics,,,
fortyfive.kitchen,available,54,5%,10,Mathematics,,,
abasic.kitchen,available,54,1%,6,Science,,,
achy.kitchen,available,54,3%,4,Healthcare,,,
abducens.kitchen,available,54,1%,8,Medicine,,,
threescore.kitchen,available,54,2%,10,Mathematics,,,
adductive.kitchen,available,54,0%,9,"Engineering,Mathematics,Science",,,
viii.kitchen,available,54,6%,4,Mathematics,,,
accentual.kitchen,available,54,3%,9,"Arts,Entertainment",,,
admonitory.kitchen,available,54,0%,10,"Business,Education,Healthcare",,,
abient.kitchen,available,54,1%,6,Science,,,
deuceace.kitchen,available,54,1%,9,Sports,,,
adducting.kitchen,available,54,1%,9,"Engineering,Mathematics,Science",,,
adducent.kitchen,available,54,1%,8,"Engineering,Mathematics,Science",,,
twoscore.kitchen,available,54,2%,8,Mathematics,,,
actuated.kitchen,available,54,2%,8,"Automotive,Manufacturing,Technology",,,
abatic.kitchen,available,54,1%,6,Science,,,
abaxial.kitchen,available,54,1%,7,Science,,,
fin.kitchen,available,54,30%,3,Finance,,,
monitory.kitchen,available,54,3%,8,"Business,Education,Healthcare",,,
adaxial.kitchen,available,54,2%,7,Science,,,
aboral.kitchen,available,54,2%,6,Science,,,
septet.kitchen,available,53,1%,6,General,,,
sestet.kitchen,available,53,1%,6,Arts,,,
xxx.kitchen,available,53,30%,3,"Arts,Entertainment,Media",,,
lxi.kitchen,available,52,5%,3,Mathematics,,,
lxiv.kitchen,available,52,3%,4,Mathematics,,,
abominable.kitchen,available,52,2%,10,"Entertainment,Humanities",,,
aboulic.kitchen,available,52,1%,7,Medicine,,,
lxxxi.kitchen,available,52,1%,5,Mathematics,,,
sixtyfour.kitchen,available,52,4%,10,Mathematics,,,
lxvi.kitchen,available,52,3%,4,Mathematics,,,
lxxv.kitchen,available,52,2%,4,Mathematics,,,
lxxxvii.kitchen,available,52,1%,7,Mathematics,,,
sixtysix.kitchen,available,52,5%,9,Mathematics,,,
lxv.kitchen,available,52,5%,3,Mathematics,,,
xciii.kitchen,available,52,1%,5,Mathematics,,,
eightyone.kitchen,available,52,3%,10,Mathematics,,,
xciv.kitchen,available,52,2%,4,Mathematics,,,
xcv.kitchen,available,52,7%,3,Mathematics,,,
eightytwo.kitchen,available,52,4%,10,Mathematics,,,
lxiii.kitchen,available,52,2%,5,Mathematics,,,
ixc.kitchen,available,52,5%,3,Mathematics,,,
littlejoe.kitchen,available,52,2%,10,"Entertainment,Media",,,
xcvii.kitchen,available,52,1%,5,Mathematics,,,
sixtytwo.kitchen,available,52,3%,9,Mathematics,,,
adenoidal.kitchen,available,52,1%,9,"Health and Fitness,Medicine,Science",,,
lxxxv.kitchen,available,52,1%,5,Mathematics,,,
lxxxvi.kitchen,available,52,1%,6,Mathematics,,,
xcvi.kitchen,available,52,2%,4,Mathematics,,,
detestable.kitchen,available,52,1%,10,Humanities,,,
repugnant.kitchen,available,52,1%,9,Humanities,,,
abysmal.kitchen,available,52,4%,7,"Arts,Entertainment,Media",,,
lxxxiii.kitchen,available,52,1%,7,Mathematics,,,
decumbent.kitchen,available,52,1%,9,"Healthcare,Medicine,Science",,,
repulsive.kitchen,available,52,1%,9,Humanities,,,
odious.kitchen,available,52,2%,6,"Entertainment,Humanities",,,
lxxiv.kitchen,available,52,1%,5,Mathematics,,,
xcviii.kitchen,available,52,1%,6,Mathematics,,,
lxxxiv.kitchen,available,52,1%,6,Mathematics,,,
lxxi.kitchen,available,52,2%,4,Mathematics,,,
lxvii.kitchen,available,52,1%,5,Mathematics,,,
abstruse.kitchen,available,52,5%,8,"Humanities,Mathematics,Science",,,
ninetysix.kitchen,available,52,4%,10,Mathematics,,,
ninetytwo.kitchen,available,52,4%,10,Mathematics,,,
chagrined.kitchen,available,52,1%,9,Humanities,,,
uphill.kitchen,available,52,7%,6,"Sports,Transportation,Travel",,,
xci.kitchen,available,52,4%,3,Mathematics,,,
ablated.kitchen,available,52,1%,7,Science,,,
abusive.kitchen,available,52,3%,7,"Healthcare,Law",,,
lxxvii.kitchen,available,52,2%,6,Mathematics,,,
lxviii.kitchen,available,52,2%,6,Mathematics,,,
xcii.kitchen,available,52,2%,4,Mathematics,,,
ixl.kitchen,available,52,9%,3,Mathematics,,,
lxxvi.kitchen,available,52,1%,5,Mathematics,,,
lxxiii.kitchen,available,52,2%,6,Mathematics,,,
tierce.kitchen,available,52,3%,6,General,,,
lxii.kitchen,available,52,2%,4,Mathematics,,,
lxxxii.kitchen,available,52,1%,6,Mathematics,,,
ninetyone.kitchen,available,52,5%,10,Mathematics,,,
lxxii.kitchen,available,52,1%,5,Mathematics,,,
sixtyfive.kitchen,available,52,3%,10,Mathematics,,,
abdicable.kitchen,available,50,0%,9,Law,,,
acapnic.kitchen,available,50,0%,7,"Healthcare,Medicine,Science",,,
acaudal.kitchen,available,50,1%,7,"Agriculture,Science",,,
acapnotic.kitchen,available,50,0%,9,"Healthcare,Medicine,Science",,,
adhominem.kitchen,available,50,2%,10,"Humanities,Law,Politics",,,
acetose.kitchen,available,50,1%,7,Science,,,
lxx.kitchen,available,50,5%,3,Mathematics,,,
aculeated.kitchen,available,50,0%,9,"Engineering,Medicine,Science",,,
trine.kitchen,available,50,11%,5,"General,Religion",,,
triplet.kitchen,available,50,8%,7,Science,,,
abranchial.kitchen,available,50,0%,10,Science,,,
abbatial.kitchen,available,50,0%,8,Religion,,,
broached.kitchen,available,50,0%,8,Food and Beverage,,,
vinegary.kitchen,available,50,1%,8,Food and Beverage,,,
acerose.kitchen,available,50,1%,7,Science,,,
abducting.kitchen,available,50,0%,9,Medicine,,,
aborticide.kitchen,available,50,0%,10,Medicine,,,
cinque.kitchen,available,50,7%,6,Mathematics,,,
needlelike.kitchen,available,50,0%,10,"Engineering,Medicine,Science",,,
gillless.kitchen,available,50,0%,9,Science,,,
acetous.kitchen,available,50,1%,7,Science,,,
ogdoad.kitchen,available,50,1%,6,Mathematics,,,
scummy.kitchen,available,50,1%,6,Humanities,,,
acellular.kitchen,available,50,1%,9,Science,,,
spinous.kitchen,available,50,1%,7,"Agriculture,Science",,,
abomasal.kitchen,available,50,0%,8,Agriculture,,,
acerb.kitchen,available,50,2%,5,Science,,,
acquitted.kitchen,available,50,1%,9,Law,,,
acerbic.kitchen,available,50,2%,7,"Arts,Humanities,Media",,,
adactylous.kitchen,available,50,0%,10,Science,,,
abactinal.kitchen,available,50,0%,9,Science,,,
execrable.kitchen,available,48,0%,9,"Entertainment,Humanities",,,
apriori.kitchen,available,48,13%,8,Mathematics,,,
lxxxviii.kitchen,available,48,1%,8,Mathematics,,,
ilxxx.kitchen,available,48,1%,5,Mathematics,,,
ilxx.kitchen,available,48,1%,4,Mathematics,,,
abyssal.kitchen,available,48,12%,7,"Arts,Entertainment,Media",,,
notguilty.kitchen,available,48,5%,10,Law,,,
abstracted.kitchen,available,48,5%,10,"Arts,Humanities,Science",,,
achromous.kitchen,available,46,1%,9,Science,,,
quaternary.kitchen,available,46,3%,10,Mathematics,,,
acarpous.kitchen,available,46,0%,8,"Agriculture,Science",,,
vinegarish.kitchen,available,46,1%,10,Food and Beverage,,,
cotyloid.kitchen,available,46,1%,8,Science,,,
theabsurd.kitchen,available,46,1%,10,"Arts,Entertainment,Media",,,
achenial.kitchen,available,46,1%,8,Science,,,
acheronian.kitchen,available,46,1%,10,Humanities,,,
acetylic.kitchen,available,46,1%,8,Science,,,
acarpelous.kitchen,available,46,0%,10,"Agriculture,Science",,,
acephalous.kitchen,available,46,1%,10,Science,,,
stemless.kitchen,available,46,2%,8,"Agriculture,Science",,,
acetonic.kitchen,available,46,1%,8,Science,,,
acetylenic.kitchen,available,46,1%,10,Science,,,
stripling.kitchen,available,46,2%,9,"Education,Entertainment,Healthcare",,,
achromic.kitchen,available,46,2%,8,Science,,,
acetabular.kitchen,available,46,1%,10,Science,,,
acapnial.kitchen,available,46,0%,8,"Healthcare,Medicine,Science",,,
acanthotic.kitchen,available,46,0%,10,"Agriculture,Science",,,
acanthous.kitchen,available,46,0%,9,"Agriculture,Science",,,
acaudate.kitchen,available,46,1%,8,"Agriculture,Science",,,
acanthoid.kitchen,available,46,1%,9,"Agriculture,Science",,,
acicular.kitchen,available,46,2%,8,Science,,,
accusatory.kitchen,available,44,1%,10,Law,,,
cotyloidal.kitchen,available,44,1%,10,Science,,,
acherontic.kitchen,available,44,1%,10,Humanities,,,
abscessed.kitchen,available,41,0%,9,Healthcare,,,
accusive.kitchen,available,40,1%,8,Law,,,
scurrilous.kitchen,available,40,1%,10,"Entertainment,Media,Politics",,,
accurst.kitchen,available,40,1%,7,Religion,,,